{"cameraMode":{"drawMode":0,"name":"Shaded","section":"Shading Mode"},"sceneLighting":false,"audioPlay":false,"sceneViewState":{"m_AlwaysRefresh":false,"showFog":true,"showSkybox":false,"showFlares":true,"showImageEffects":true,"showParticleSystems":true,"showVisualEffectGraphs":true,"m_FxEnabled":true},"in2DMode":false,"pivot":{"x":-1.5127687454223633,"y":7.56198263168335,"z":143.64059448242188},"rotation":{"x":0.001181444269604981,"y":-0.06803581118583679,"z":-0.0001501959777669981,"w":-0.9977318048477173},"size":1.684723973274231,"orthographic":false}